Title,Provider,Type,Skills,Description,Link
TensorFlow Developer Certificate,Google,Certification,"TensorFlow, Deep Learning",Official Google certification for ML practitioners.,https://www.tensorflow.org/certificate
AWS Certified Solutions Architect,Amazon Web Services,Certification,"Cloud, AWS, Networking",Validate cloud architecture expertise.,https://aws.amazon.com/certification/certified-solutions-architect-associate/
Google Cloud Digital Leader,Google,Certification,"Cloud, GCP",Cloud concepts and digital transformation.,https://cloud.google.com/learn/certification/cloud-digital-leader
Microsoft Certified: Power BI Data Analyst,Microsoft,Certification,"Power BI, SQL, Data Analysis",Validate business intelligence capabilities.,https://learn.microsoft.com/en-us/credentials/certifications/power-bi-data-analyst-associate/
Oracle Certified Professional: Java Developer,Oracle,Certification,"Java, OOP",Industry standard validation for Java backend developers.,https://education.oracle.com/oracle-certified-professional-java-se-17-developer/pexam_1Z0-829
CompTIA Security+,CompTIA,Certification,"Cyber Security, Networking",Foundational security knowledge.,https://www.comptia.org/certifications/security
Certified Ethical Hacker (CEH),EC-Council,Certification,"Cyber Security, Cyber",Advanced security testing and penetration testing.,https://www.eccouncil.org/train-certify/certified-ethical-hacker-ceh/
AWS Certified Machine Learning - Specialty,Amazon Web Services,Certification,"AWS, Cloud, Machine Learning",Validate machine learning expertise on AWS.,https://aws.amazon.com/certification/certified-machine-learning-specialty/
Google Professional Data Engineer,Google,Certification,"GCP, Cloud, SQL",Validate data engineering skills on Google Cloud.,https://cloud.google.com/learn/certification/data-engineer
Certified Kubernetes Administrator (CKA),CNCF,Certification,"Kubernetes, Docker",Industry standard certification for Kubernetes admins.,https://training.linuxfoundation.org/certification/certified-kubernetes-administrator-cka/
Chartered Financial Analyst (CFA),CFA Institute,Certification,"Finance, Valuation",Gold standard credential in investment management and corporate finance.,https://www.cfainstitute.org/en/programs/cfa
Google Digital Marketing Certificate,Google,Certification,"SEO, Marketing, Google Ads",Validate foundational digital marketing skills.,https://grow.google/certificates/digital-marketing-ecommerce/
Adobe Certified Associate (Graphic Design),Adobe,Certification,"Design, Illustrator, Photoshop",Validate expertise in graphic design and digital illustration.,https://www.adobe.com/creativecloud/buy/education.html
Certified SolidWorks Associate (CSWA),Dassault Systemes,Certification,"CAD, SolidWorks",Validate mechanical design and SolidWorks proficiency.,https://www.solidworks.com/certifications/associate-cswa
Professional in Human Resources (PHR),HRCI,Certification,"HR, Recruitment, Management",Validate technical and operational HR management skills.,https://www.hrci.org/our-programs/our-certifications/phr
Certified ScrumMaster (CSM),Scrum Alliance,Certification,"Management, Agile",Validate Scrum framework and Agile project management skills.,https://www.scrumalliance.org/get-certified/scrum-master-track/certified-scrummaster
HubSpot Inbound Marketing,HubSpot Academy,Certification,"Marketing, Content Strategy","Validate inbound marketing, copywriting, and customer acquisition skills.",https://academy.hubspot.com/courses/inbound-marketing
Certified Management Accountant (CMA),IMA,Certification,"Finance, Accounting","Validate management accounting, financial planning, and analysis skills.",https://www.imanet.org/cma-certification
Certified Embedded Systems Engineer,EC-Council,Certification,"embedded systems, microcontrollers",Validate hardware-software integration capabilities.,https://www.embedded.com/
Associate Electronics Engineer,ETA,Certification,"circuit design, ECE",Foundational certification validating electronics knowledge.,https://www.eta-i.org/electronics.html
Project Management Professional (PMP),PMI,Certification,"Management, Project Management",Gold standard project management credential.,https://www.pmi.org/certifications/project-management-pmp
Certified Product Manager (CPM),AIPMM,Certification,"Product Management, Strategy",Validate product marketing and management capabilities.,https://aipmm.com/
